Category,Location,Address,Quote,Image Link,Recommended By
ARTS & CULTURE,Nia Centre for the Arts,"524 Oakwood Ave, York, ON M6E 2X1","This is Canada's first professional Black Art Center, with workshops, showcases, performances, film, and visual arts, Nia Centre offers a diverse range of experiences within the historic Little Jamaica neighbourhood.",https://drive.google.com/file/d/1hzLQAfV_3nkjFWitwR4NC-f-UuyoEo22/view?usp=sharing,Adjowa Karikari (999HEARD)
AUDIOPHILE & HI-FI,915 Dupont,"915 Dupont St, Toronto, ON M6H 1Z1",It’s a Japanese-inspired sanctuary where the whiskey and the vinyl get equal respect. Sitting at the bar with a rare pour while a local selector digs through Mandarin and Cantonese disco is my favorite way to lose an evening.,https://drive.google.com/file/d/1csqYOVeQgptEA2vt2CyCNFEgVOn4MqYW/view?usp=sharing,
AUDIOPHILE & HI-FI,Cafeteria,"1650 Dupont St, Toronto, ON M6P 3T2","Tucked away on the Dupont strip, this spot is a total gem for anyone hunting honest, well-prepared meals that transition into late-night energy. It’s unpretentious and serves as a vital community anchor for the creative scene.",https://drive.google.com/file/d/1H5uW2aUGhjNBQBis54QEMsRkSKoyTMxS/view?usp=sharing,
AUDIOPHILE & HI-FI,Estrelar Sound,"8 Brock Ave, Toronto, ON M6K 2L1","Estrelar Sound is a Black owned DJ Studio in the heart of Toronto, you can book three different practice rooms, live stream, create content or record a mix.",https://drive.google.com/file/d/1Slz5JZ0rXq8YYA0JiBNKpZoo3Gg5-PDK/view?usp=sharing,Adjowa Karikari (999HEARD)
AUDIOPHILE & HI-FI,Henry's Records,"130 Shorting Rd, Scarborough, ON M1S 3S6","Although located a little bit out of the city in Scarborough, Henry's is a cornerstone of Toronto's Music History, particularly for its selection of soul, reggae, and R&B.",https://drive.google.com/file/d/1Z_ssdmufMhNVw_gZFqTKCFEUStRFv2U2/view?usp=sharing,Adjowa Karikari (999HEARD)
AUDIOPHILE & HI-FI,Standard Time,"165 Geary Ave, Toronto, ON M6H 2B8",This Geary warehouse is a total masterclass in 808 funk and acoustic design. I head here specifically for the Rhythm collabs because the sound system handles those deep electro-wizardry sets with surgical precision.,https://drive.google.com/file/d/1UDJPaTUDkuIGw0ueXx9pk8UaXoNh7T5T/view?usp=sharing,
AUDIOPHILE & HI-FI,The Little Jerry,"418 College St, Toronto, ON M5T 1T3",A casual neighborhood anchor where low-intervention wines meet a hi-fidelity sound system built for pure vinyl playback. It’s that rare spot where you can discuss the nuances of a dry cider while the music actually breathes in the room.,https://drive.google.com/file/d/1mhIgzuGtnUzSwYheqH9eh2slYIBUp-p-/view?usp=sharing,
BARS & NIGHTLIFE,Bambis,"1265 Dundas St W, Toronto, ON M6J 1X6","This basement grotto underwent a total sonic glow-up and now features a state-of-the-art Funktion-One system. It’s an intimate, inclusive hub where the techno and house sets feel like a private party for the city’s most dedicated heads.",https://drive.google.com/file/d/1m9bTbFuuMecBXzSZOKczM8G8TOTr4nlz/view?usp=sharing,
BARS & NIGHTLIFE,Blood Brothers Brewing,"165 Geary Ave, Toronto, ON M6H 2B8","More of a cultural institution than just a brewery, they’re constantly pushing the boundaries of what a craft beer can be. Grabbing a Paradise Lost sour at the taproom is a non-negotiable part of any Geary Avenue crawl.",https://drive.google.com/file/d/1cYKmWAHVxaKPDKpqXuV0Qp5DaE3C7pQj/view?usp=sharing,
BARS & NIGHTLIFE,BSMT 254,"254 Lansdowne Ave, Toronto, ON M6H 3X9",Bsmt 254 is an intimate venue with a beautiful custom built high-fidelity soundsystem that is modelled after classic Caribbean dub-stacks.,https://drive.google.com/file/d/1e5kgZ9ZRa0FMuG8eEWUM3TfxrPYaNKrB/view?usp=sharing,Adjowa Karikari (999HEARD)
BARS & NIGHTLIFE,Coda,"794 Bathurst St, Toronto, ON M5R 3G1","If you really love the artist playing, there’s no better sound system in the city to experience them on. It’s the definitive big-room electronic destination, even if the crowd can get a bit hectic on peak Saturday nights.",https://drive.google.com/file/d/1E29-Sei-Z1sFSjaL3GyzZTQQoqIJbm27/view?usp=sharing,
BARS & NIGHTLIFE,Paradise Grapevine,"218 Geary Ave, Toronto, ON M6H 2C3",A laid-back wine and beer bar with a tropical back patio that feels like a total escape from the industrial strip. It’s the ideal spot for an evening where the knowledgeable staff help you navigate a truly unique wine selection.,https://drive.google.com/file/d/1ALbmPmfpQnOj60cAsXjB49Gaj6Y39pNF/view?usp=sharing,
BARS & NIGHTLIFE,Rhythm,"141 Bathurst St, Toronto, ON M5V 2R2","More of a curatorial force than just a venue, they anchor the most credible music programming in the city. Whenever they’re involved in a showcase, you can bet the acoustic texture and the selection are going to be world-class.",https://drive.google.com/file/d/1nnntULy4_h3wa5CGi7zjDyuSULOLFVEi/view?usp=sharing,
BARS & NIGHTLIFE,The Communist Daughter,"1149 Dundas St W, Toronto, ON M6J 1X3","A snug, quirky watering hole that still feels like a secret, despite being a local legend. Catching a live music matinee on the weekend at one of the Formica tables is the ultimate unpolished Toronto ritual.",https://drive.google.com/file/d/1IZzpoB23b4vUN906Y-Dp4hDoG-L9bGa6/view?usp=sharing,
COFFEE & CAFÉS,Manitas,"210 Ossington Ave, Toronto, ON M6J 2Z9",A charming neighborhood cafe and bar that captures that specific Ossington energy. I love grabbing a table for a lazy dinner and working through a menu that feels totally effortless and intentional.,https://drive.google.com/file/d/1-St3QxiGtIicnFRhvUmg40RSYBsgOtom/view?usp=sharing,
COFFEE & CAFÉS,Rooms Coffee,"450 Dufferin St, Toronto, ON M6K 2A5","By day it’s a bright, minimalist coffee escape, but on select nights it shifts into a sleek hi-fi listening lounge. It’s the perfect place to test-run a morning espresso while the monthly playlists set a very specific, cool vibe.",https://drive.google.com/file/d/13JgpzKeyyKvTIGO4k2w1sUkVC3Rs0WyU/view?usp=sharing,
GALLERIES,ILHAM Gallery,"Levels 3 & 5, Ilham Tower, 8 Jln Binjai, 50450 KL","Housed in a sleek modern tower, this gallery interrogates societal shifts and global movements with avant-garde exhibitions. It’s where the city's intellectual crowd gathers for deep dialogues and experimental installations.",https://drive.google.com/file/d/1B5l0DJK3qLapokeVbJKCJp5lUNCWe4vw/view?usp=sharing,
GALLERIES,It’s OK Studios,"468 Queen St W, Toronto, ON M5V 2B2","It's OK Studio's Black-led interdisciplinary space is the center for a number of cultural events, performances, workshops, galleries and many more.",https://drive.google.com/file/d/1et02viWr9qabcdKYwu7k3hKYEvVL9dYi/view?usp=sharing,Adjowa Karikari (999HEARD)
GALLERIES,MOCA Toronto,"158 Sterling Rd, Toronto, ON M6P 3C4","Housed in a historic industrial building, this museum is a community-focused sanctuary for contemporary art. I always take the drop-in tours to get a deeper sense of how these massive installations are redefining the city's creative landscape.",https://drive.google.com/file/d/1fzwCXwgvvK8L_NjTBqDUmCAOo4-Cnjqb/view?usp=sharing,
RESTAURANTS,416 Snack Bar,"181 Bathurst St, Toronto, ON M5T 2R7",A cutlery-free establishment where the Asian-Mexican fusion snacks are designed to be eaten with one hand while holding a cocktail in the other. The Korean Fried Chicken and steamed buns are non-negotiable orders here.,https://drive.google.com/file/d/1aQMbvc6gHjdyoUYyvbPO8pYnUpgScCJk/view?usp=sharing,
RESTAURANTS,Bar Isabel,"797 College St, Toronto, ON M6G 1C7",This place manages both style and substance with an old-world charm that feels like a trip to Barcelona. The house-made tapas and fresh seafood are real showstoppers in a room that’s always boisterous and warm.,https://drive.google.com/file/d/19LIsqrJHD45UAvbM0yJyCqt4JIv12pOG/view?usp=sharing,
RESTAURANTS,Grey Gardens,"199 Augusta Ave, Toronto, ON M5T 2L4","Jen Agg’s Kensington masterpiece where the unassuming cider and wine list pair with seafood dishes that are total heavy hitters. The vibe is sophisticated but grounded, perfect for an intimate dinner in the market.",https://drive.google.com/file/d/1H_Kdq09_bPIltlPpIwynhjTdnbxibJMG/view?usp=sharing,
RESTAURANTS,Jamils,"1086 Queen St W, Toronto, ON M6J 1H8","An unconventional take on Pakistani cuisine where the chaat is designed to be shared over natural wine. It’s a small, vibrant restaurant that takes traditional flavors and gives them a very hip, West Queen West edge.",https://drive.google.com/file/d/1qZE9W3ysBRxJB7f13XG7AQ56uxl8ecs5/view?usp=sharing,
RESTAURANTS,Mildreds,"85 Hanna Ave #104, Toronto, ON M6K 3P6","You absolutely must survive the wait for their famous blueberry pancakes; they’re a heavy-hitter on the city's brunch scene for a reason. The space is massive and industrial, but it somehow still feels like a neighborhood kitchen.",https://drive.google.com/file/d/1xykqPCsXGES7iIS31Q7SufbZwDLYQ9Ip/view?usp=sharing,
RESTAURANTS,Poor Romeo,"1029 Gerrard St E, Toronto, ON M4M 1Z6",This Leslieville haunt has a rock 'n' roll soul and a menu that hits that perfect sweet spot of elevated bar food. It’s the best place for a late-night burger and a beer when you want a vibe that’s slightly moody but totally welcoming.,https://drive.google.com/file/d/1oT2ShSO-i65GaB8vP14ElVbk3C2cR-9T/view?usp=sharing,
RESTAURANTS,The White Lily,"678 Queen St E, Toronto, ON M4M 1G2","They’re slingin' quality comfort food with total integrity and local ingredients. It’s the kind of high-ceilinged, heritage space where a homemade donut and a quality cup of coffee make everything else feel secondary.",https://drive.google.com/file/d/1St30o0JL-l0w2Frbk6PrbDXIfOAf2ShH/view?usp=sharing,
WELLNESS,Sana,"211 Geary Ave, Toronto, ON M6H 2C1","A modern banya built for health, balance, and those cold-plunge resets we all need. Moving between the dry sauna and the steam room before sitting down for seasonally inspired European classics is the ultimate self-care ritual.",https://drive.google.com/file/d/1pmdh9-zDPIsCsuZkCOCFeMiPNEURHK9e/view?usp=sharing,